STUDYID,USUBJID,PARAMCD,PARAM,AVAL,AVALU,AVISIT
TEST01,SUBJ01,QT,QT Duration,350.0,ms,VISIT 1
TEST01,SUBJ01,RR,RR Duration,1000.0,ms,VISIT 1
TEST01,SUBJ02,QT,QT Duration,1000.0,msec,VISIT 1
TEST01,SUBJ02,RR,RR Duration,4000.0,msec,VISIT 1
TEST01,SUBJ03,QT,QT Duration,,ms,VISIT 1
TEST01,SUBJ03,RR,RR Duration,1000.0,ms,VISIT 1
TEST01,SUBJ04,RR,RR Duration,800.0,ms,VISIT 1
TEST01,SUBJ05,QT,QT Duration,350.0,ms,VISIT 1
TEST01,SUBJ05,RR,RR Duration,,ms,VISIT 1
TEST01,SUBJ06,QT,QT Duration,350.0,ms,VISIT 1
TEST01,SUBJ06,RR,RR Duration,1000.0,ms,VISIT 1
