StudyOID,MetaDataVersionOID,SubjectKey,StudyEventOID,StudyEventRepeatKey,FormOID,FormRepeatKey,ItemGroupOID,ItemGroupRepeatKey,ItemOID,Value
PILOT7,MDV.1,P7-001,C1D1,1,FO.LB_CHEM,1,IG.LB,1,IT.LB.LBDTC,2025-01-02
PILOT7,MDV.1,P7-001,C1D1,1,FO.LB_CHEM,1,IG.LB,1,IT.LB.RESULT,32
PILOT7,MDV.1,P7-001,C1D1,1,FO.LB_HEM,1,IG.LB,1,IT.LB.LBDTC,2025-01-03
PILOT7,MDV.1,P7-001,C1D1,1,FO.LB_HEM,1,IG.LB,1,IT.LB.RESULT,11.4
PILOT7,MDV.1,P7-001,C1D1,1,FO.LB_THY,1,IG.LB,1,IT.LB.LBDTC,2025-01-04
PILOT7,MDV.1,P7-001,C1D1,1,FO.LB_THY,1,IG.LB,1,IT.LB.RESULT,2.1
PILOT7,MDV.1,P7-001,C1D1,1,FO.LB_UA,1,IG.LB,1,IT.LB.LBDTC,2025-01-05
PILOT7,MDV.1,P7-001,C1D1,1,FO.LB_UA,1,IG.LB,1,IT.LB.RESULT,NEGATIVE
PILOT7,MDV.1,P7-001,C1D1,1,FO.LB_EXTRA,1,IG.LB,1,IT.LB.RESULT,7.8
